sp_code,BAKE_A,FARA_A,SHKN_A,CALD_A,DUNB_A,GARC_A,GUKT_A,HUNT_A,KAGK_A,KAHS_B,0TZ_A,0TZ_C,NFEI_A,NOSK_A,NPAS_A,REFU_A,SUKK_A,SYLB_A,SYLB_B,BLAQ_A,DALL_A,GUKT_B,KAGK_B,KAHS_A,MOIR_A,MOIR_B,NOSK_E,REEF_A,REEF_B,SFEI_A,TAHB_A,BOST_B,CHUS_B,CHUS_A,GOAT_A,HETA_A,0UK_A,NOSK_B,SALA_A,SHIN_A,SODA_A,BAKE_B,NICH_B,TROC_A,NICH_A,SWAD_A,DALL_B,HECA_B,HECA_A,KLWA_A,NFEI_B,SWAD_B,BOST_A,KLWH_A
,,,,,,,,,,,,,,,,,,,,,,,,,,,,,,,,,,,,,,,,,,,,,,,,,,,,,,
CABEZON,BAKE_A,FARA_A,NA,NA,NA,NA,NA,NA,NA,NA,NA,NA,NA,NA,NA,NA,NA,NA,NA,NA,NA,NA,NA,NA,NA,NA,NA,NA,NA,NA,NA,NA,NA,NA,NA,NA,NA,NA,NA,NA,NA,NA,NA,NA,NA,NA,NA,NA,NA,NA,NA,NA,NA,NA
CAPELIN,NA,NA,SHKN_A,NA,NA,NA,NA,NA,NA,NA,NA,NA,NA,NA,NA,NA,NA,NA,NA,NA,NA,NA,NA,NA,NA,NA,NA,NA,NA,NA,NA,NA,NA,NA,NA,NA,NA,NA,NA,NA,NA,NA,NA,NA,NA,NA,NA,NA,NA,NA,NA,NA,NA,NA
COCKSSL,NA,FARA_A,NA,CALD_A,DUNB_A,GARC_A,GUKT_A,HUNT_A,KAGK_A,KAHS_B,0TZ_A,0TZ_C,NFEI_A,NOSK_A,NPAS_A,REFU_A,SUKK_A,SYLB_A,SYLB_B,NA,NA,NA,NA,NA,NA,NA,NA,NA,NA,NA,NA,NA,NA,NA,NA,NA,NA,NA,NA,NA,NA,NA,NA,NA,NA,NA,NA,NA,NA,NA,NA,NA,NA,NA
CODPAC,BAKE_A,FARA_A,SHKN_A,NA,NA,GARC_A,GUKT_A,NA,KAGK_A,NA,NA,NA,NFEI_A,NOSK_A,NA,REFU_A,SUKK_A,NA,SYLB_B,BLAQ_A,DALL_A,GUKT_B,KAGK_B,KAHS_A,MOIR_A,MOIR_B,NOSK_E,REEF_A,REEF_B,SFEI_A,TAHB_A,NA,NA,NA,NA,NA,NA,NA,NA,NA,NA,NA,NA,NA,NA,NA,NA,NA,NA,NA,NA,NA,NA,NA
CUTTHRT,NA,NA,NA,NA,NA,NA,NA,NA,NA,NA,NA,NA,NA,NA,NA,NA,NA,NA,NA,NA,NA,NA,NA,NA,NA,NA,NA,NA,NA,NA,NA,BOST_B,NA,NA,NA,NA,NA,NA,NA,NA,NA,NA,NA,NA,NA,NA,NA,NA,NA,NA,NA,NA,NA,NA
DOLLY,NA,FARA_A,NA,NA,NA,GARC_A,NA,NA,NA,NA,NA,NA,NA,NA,NA,REFU_A,NA,NA,NA,NA,NA,NA,NA,NA,NA,NA,NA,NA,REEF_B,NA,NA,NA,CHUS_B,NA,NA,NA,NA,NA,NA,NA,NA,NA,NA,NA,NA,NA,NA,NA,NA,NA,NA,NA,NA,NA
FLOUNST,NA,FARA_A,NA,NA,NA,NA,GUKT_A,NA,NA,NA,0TZ_A,NA,NFEI_A,NOSK_A,NPAS_A,REFU_A,NA,NA,NA,NA,NA,NA,NA,NA,NA,NA,NA,NA,NA,SFEI_A,TAHB_A,NA,CHUS_B,CHUS_A,GOAT_A,HETA_A,0UK_A,NOSK_B,SALA_A,SHIN_A,SODA_A,NA,NA,NA,NA,NA,NA,NA,NA,NA,NA,NA,NA,NA
GOBYBAY,NA,NA,NA,NA,NA,NA,GUKT_A,NA,NA,NA,0TZ_A,0TZ_C,NFEI_A,NA,NPAS_A,REFU_A,NA,NA,NA,NA,NA,NA,NA,NA,NA,NA,NA,NA,NA,NA,TAHB_A,NA,NA,NA,GOAT_A,NA,NA,NA,SALA_A,SHIN_A,NA,NA,NA,NA,NA,NA,NA,NA,NA,NA,NA,NA,NA,NA
GOBYBE,NA,NA,SHKN_A,NA,NA,NA,NA,NA,NA,NA,NA,NA,NA,NA,NA,NA,NA,NA,SYLB_B,NA,NA,NA,NA,NA,NA,NA,NA,NA,NA,NA,NA,NA,NA,NA,NA,NA,NA,NA,NA,NA,NA,BAKE_B,NICH_B,NA,NA,NA,NA,NA,NA,NA,NA,NA,NA,NA
GREENKEL,BAKE_A,FARA_A,SHKN_A,NA,NA,GARC_A,NA,NA,NA,KAHS_B,NA,NA,NA,NA,NA,NA,NA,NA,NA,BLAQ_A,NA,NA,NA,NA,NA,NA,NOSK_E,NA,NA,NA,NA,NA,NA,NA,NA,NA,NA,NA,NA,NA,NA,NA,NA,TROC_A,NA,NA,NA,NA,NA,NA,NA,NA,NA,NA
GREENMAS,NA,NA,NA,NA,NA,GARC_A,GUKT_A,NA,NA,KAHS_B,NA,0TZ_C,NFEI_A,NOSK_A,NA,NA,NA,NA,NA,NA,NA,GUKT_B,NA,NA,NA,NA,NA,NA,NA,NA,NA,NA,NA,NA,GOAT_A,NA,0UK_A,NA,NA,NA,NA,NA,NA,NA,NICH_A,SWAD_A,NA,NA,NA,NA,NA,NA,NA,NA
GREENPAI,BAKE_A,NA,NA,NA,NA,NA,NA,NA,NA,NA,NA,NA,NA,NA,NA,NA,NA,NA,SYLB_B,NA,NA,NA,NA,NA,NA,NA,NA,NA,NA,NA,NA,NA,NA,NA,NA,NA,NA,NA,NA,NA,NA,NA,NICH_B,NA,NA,NA,DALL_B,NA,NA,NA,NA,NA,NA,NA
GREENROC,BAKE_A,NA,NA,NA,NA,NA,NA,NA,NA,NA,NA,NA,NA,NA,NA,NA,NA,SYLB_A,NA,NA,NA,NA,NA,NA,NA,NA,NA,NA,NA,NA,NA,NA,NA,NA,NA,NA,NA,NA,NA,NA,NA,BAKE_B,NA,NA,NA,NA,NA,HECA_B,NA,NA,NA,NA,NA,NA
GREENWHI,BAKE_A,FARA_A,SHKN_A,CALD_A,DUNB_A,GARC_A,GUKT_A,NA,KAGK_A,KAHS_B,NA,0TZ_C,NFEI_A,NOSK_A,NPAS_A,REFU_A,SUKK_A,SYLB_A,SYLB_B,BLAQ_A,DALL_A,NA,KAGK_B,KAHS_A,MOIR_A,NA,NOSK_E,REEF_A,REEF_B,SFEI_A,TAHB_A,BOST_B,NA,CHUS_A,GOAT_A,NA,NA,NOSK_B,SALA_A,SHIN_A,SODA_A,NA,NA,TROC_A,NICH_A,SWAD_A,NA,HECA_B,HECA_A,KLWA_A,NFEI_B,SWAD_B,NA,NA
GUNNCRE,BAKE_A,FARA_A,SHKN_A,CALD_A,DUNB_A,GARC_A,GUKT_A,HUNT_A,KAGK_A,KAHS_B,0TZ_A,0TZ_C,NFEI_A,NOSK_A,NPAS_A,REFU_A,SUKK_A,SYLB_A,SYLB_B,BLAQ_A,DALL_A,GUKT_B,KAGK_B,KAHS_A,NA,MOIR_B,NOSK_E,REEF_A,REEF_B,SFEI_A,TAHB_A,BOST_B,CHUS_B,CHUS_A,GOAT_A,HETA_A,0UK_A,NOSK_B,SALA_A,SHIN_A,SODA_A,NA,NICH_B,TROC_A,NICH_A,SWAD_A,DALL_B,HECA_B,HECA_A,KLWA_A,NFEI_B,NA,BOST_A,KLWH_A
GUNNPEN,BAKE_A,FARA_A,NA,NA,NA,NA,NA,NA,KAGK_A,KAHS_B,NA,NA,NFEI_A,NOSK_A,NA,REFU_A,SUKK_A,NA,NA,BLAQ_A,NA,NA,KAGK_B,KAHS_A,NA,NA,NA,REEF_A,REEF_B,SFEI_A,NA,NA,NA,NA,GOAT_A,NA,NA,NOSK_B,NA,NA,NA,BAKE_B,NA,NA,NA,SWAD_A,NA,NA,HECA_A,NA,NA,NA,BOST_A,KLWH_A
HERRING,NA,FARA_A,SHKN_A,NA,DUNB_A,GARC_A,GUKT_A,NA,KAGK_A,NA,0TZ_A,0TZ_C,NA,NOSK_A,NPAS_A,REFU_A,SUKK_A,NA,NA,NA,NA,NA,KAGK_B,NA,NA,NA,NA,NA,NA,SFEI_A,TAHB_A,NA,NA,NA,NA,NA,NA,NA,SALA_A,SHIN_A,NA,NA,NA,NA,NA,SWAD_A,DALL_B,HECA_B,HECA_A,NA,NA,NA,NA,KLWH_A
LINGCOD,NA,NA,SHKN_A,NA,NA,GARC_A,GUKT_A,NA,KAGK_A,NA,NA,NA,NFEI_A,NA,NA,REFU_A,NA,NA,SYLB_B,BLAQ_A,NA,GUKT_B,NA,NA,NA,NA,NA,REEF_A,REEF_B,SFEI_A,TAHB_A,NA,NA,NA,NA,NA,NA,NA,NA,NA,NA,NA,NA,NA,NA,NA,NA,NA,NA,NA,NA,NA,NA,NA
LORDBI,NA,NA,NA,NA,NA,NA,NA,NA,NA,NA,NA,NA,NFEI_A,NA,NA,NA,NA,NA,NA,NA,NA,NA,NA,NA,NA,NA,NA,NA,NA,NA,NA,NA,NA,NA,NA,NA,NA,NA,NA,NA,NA,NA,NA,NA,NA,NA,NA,NA,NA,NA,NA,NA,NA,NA
LORDRI,NA,NA,NA,NA,NA,NA,NA,NA,NA,NA,NA,NA,NFEI_A,NA,NA,NA,NA,NA,NA,NA,NA,NA,NA,KAHS_A,NA,NA,NA,NA,NA,NA,NA,NA,NA,NA,NA,NA,NA,NA,NA,NA,NA,NA,NA,NA,NA,NA,NA,NA,NA,NA,NA,NA,NA,NA
PERCHKE,BAKE_A,NA,NA,NA,NA,NA,NA,NA,NA,KAHS_B,NA,0TZ_C,NA,NA,NA,NA,NA,NA,SYLB_B,NA,NA,NA,NA,NA,NA,NA,NA,NA,NA,NA,NA,NA,NA,NA,NA,NA,NA,NA,NA,SHIN_A,NA,BAKE_B,NICH_B,NA,NA,NA,DALL_B,NA,NA,NA,NA,NA,BOST_A,NA
PERCHSH,BAKE_A,FARA_A,SHKN_A,CALD_A,DUNB_A,GARC_A,GUKT_A,HUNT_A,KAGK_A,KAHS_B,0TZ_A,0TZ_C,NFEI_A,NOSK_A,NPAS_A,REFU_A,SUKK_A,SYLB_A,NA,BLAQ_A,DALL_A,GUKT_B,KAGK_B,KAHS_A,MOIR_A,MOIR_B,NOSK_E,REEF_A,NA,SFEI_A,TAHB_A,BOST_B,CHUS_B,NA,NA,HETA_A,0UK_A,NOSK_B,NA,SHIN_A,SODA_A,BAKE_B,NICH_B,TROC_A,NICH_A,SWAD_A,DALL_B,HECA_B,HECA_A,KLWA_A,NA,NA,BOST_A,NA
PIPEFISH,BAKE_A,FARA_A,NA,CALD_A,DUNB_A,GARC_A,GUKT_A,HUNT_A,KAGK_A,NA,0TZ_A,0TZ_C,NFEI_A,NOSK_A,NPAS_A,REFU_A,SUKK_A,SYLB_A,NA,BLAQ_A,DALL_A,GUKT_B,KAGK_B,KAHS_A,MOIR_A,MOIR_B,NOSK_E,REEF_A,REEF_B,SFEI_A,TAHB_A,BOST_B,CHUS_B,CHUS_A,GOAT_A,HETA_A,0UK_A,NOSK_B,SALA_A,SHIN_A,SODA_A,BAKE_B,NA,TROC_A,NICH_A,SWAD_A,NA,HECA_B,HECA_A,KLWA_A,NFEI_B,SWAD_B,BOST_A,KLWH_A
POAPYGMY,NA,NA,NA,NA,NA,NA,NA,NA,NA,NA,NA,NA,NA,NA,NA,REFU_A,NA,NA,NA,NA,NA,NA,NA,NA,NA,NA,NA,NA,NA,NA,NA,NA,NA,NA,NA,NA,NA,NA,NA,NA,SODA_A,NA,NA,NA,NA,NA,NA,NA,NA,NA,NA,NA,NA,NA
POASPEAR,NA,NA,NA,NA,NA,NA,NA,NA,NA,NA,NA,NA,NA,NA,NA,NA,NA,NA,NA,NA,NA,NA,NA,NA,NA,NA,NA,NA,NA,NA,NA,NA,NA,NA,NA,NA,NA,NA,NA,NA,NA,NA,NA,NA,NA,NA,NA,NA,NA,NA,NFEI_B,NA,NA,NA
POASTUR,NA,FARA_A,NA,CALD_A,NA,NA,GUKT_A,NA,NA,KAHS_B,NA,0TZ_C,NA,NOSK_A,NA,NA,NA,NA,NA,NA,NA,NA,KAGK_B,NA,NA,NA,NA,REEF_A,REEF_B,NA,NA,NA,NA,NA,NA,NA,NA,NA,NA,SHIN_A,NA,NA,NA,NA,NA,NA,NA,NA,HECA_A,NA,NA,NA,NA,NA
POATUBE,NA,NA,NA,NA,NA,NA,GUKT_A,HUNT_A,KAGK_A,NA,0TZ_A,0TZ_C,NFEI_A,NOSK_A,NPAS_A,NA,SUKK_A,NA,NA,NA,NA,GUKT_B,NA,NA,NA,NA,NOSK_E,NA,NA,NA,NA,NA,NA,NA,NA,NA,NA,NA,NA,NA,NA,NA,NA,NA,NA,SWAD_A,NA,NA,NA,NA,NA,NA,NA,NA
POLLOCK,NA,FARA_A,NA,NA,DUNB_A,NA,NA,NA,NA,NA,NA,NA,NFEI_A,NOSK_A,NA,NA,NA,NA,NA,NA,NA,NA,KAGK_B,NA,NA,NA,NA,NA,NA,SFEI_A,NA,NA,NA,NA,GOAT_A,NA,NA,NA,NA,NA,SODA_A,NA,NA,NA,NA,NA,NA,NA,NA,NA,NA,NA,NA,NA
PRICKSN,NA,FARA_A,SHKN_A,CALD_A,DUNB_A,GARC_A,GUKT_A,HUNT_A,KAGK_A,NA,0TZ_A,0TZ_C,NFEI_A,NOSK_A,NPAS_A,REFU_A,SUKK_A,SYLB_A,SYLB_B,BLAQ_A,DALL_A,GUKT_B,KAGK_B,NA,MOIR_A,NA,NOSK_E,REEF_A,NA,SFEI_A,TAHB_A,NA,CHUS_B,CHUS_A,GOAT_A,HETA_A,0UK_A,NOSK_B,SALA_A,SHIN_A,SODA_A,NA,NA,NA,NA,SWAD_A,NA,HECA_B,HECA_A,KLWA_A,NFEI_B,SWAD_B,NA,NA
ROCKBLA,NA,NA,NA,NA,NA,NA,NA,NA,NA,NA,NA,NA,NA,NA,NA,REFU_A,NA,NA,NA,BLAQ_A,NA,NA,NA,NA,NA,NA,NA,NA,NA,NA,TAHB_A,NA,NA,NA,NA,NA,NA,NA,NA,NA,NA,NA,NICH_B,NA,NA,NA,NA,NA,NA,NA,NA,NA,NA,NA
ROCKBRO,NA,FARA_A,NA,NA,NA,NA,GUKT_A,NA,NA,NA,NA,NA,NFEI_A,NA,NA,NA,NA,NA,NA,BLAQ_A,NA,NA,KAGK_B,NA,NA,NA,NOSK_E,NA,NA,NA,NA,NA,NA,NA,NA,HETA_A,NA,NA,NA,NA,NA,NA,NA,TROC_A,NA,NA,NA,HECA_B,NA,NA,NFEI_B,NA,NA,KLWH_A
ROCKCOP,BAKE_A,NA,NA,NA,NA,NA,NA,NA,NA,KAHS_B,NA,NA,NFEI_A,NA,NA,REFU_A,NA,NA,SYLB_B,BLAQ_A,NA,NA,NA,KAHS_A,NA,NA,NA,NA,NA,NA,TAHB_A,NA,NA,NA,NA,HETA_A,NA,NA,NA,NA,NA,NA,NICH_B,TROC_A,NA,NA,NA,HECA_B,NA,NA,NA,NA,NA,NA
ROCKQUI,BAKE_A,FARA_A,NA,NA,NA,NA,NA,NA,NA,NA,NA,NA,NA,NA,NA,REFU_A,NA,NA,SYLB_B,BLAQ_A,NA,NA,NA,KAHS_A,NA,NA,NA,NA,NA,NA,NA,NA,NA,NA,NA,HETA_A,NA,NA,NA,NA,NA,NA,NICH_B,NA,NA,NA,NA,HECA_B,NA,NA,NA,NA,NA,NA
ROCKSLG,NA,NA,NA,NA,NA,NA,NA,NA,NA,NA,NA,NA,NA,NA,NA,NA,NA,NA,NA,BLAQ_A,NA,NA,NA,NA,NA,NA,NA,NA,NA,NA,NA,NA,NA,NA,NA,NA,NA,NA,NA,NA,NA,NA,NA,NA,NA,NA,NA,NA,NA,NA,NA,NA,NA,NA
ROCKSP,NA,NA,NA,NA,NA,NA,NA,NA,NA,KAHS_B,NA,NA,NA,NA,NA,NA,NA,SYLB_A,SYLB_B,NA,NA,NA,NA,KAHS_A,NA,NA,NA,NA,REEF_B,NA,NA,NA,NA,NA,NA,NA,NA,NA,NA,NA,NA,NA,NICH_B,NA,NA,NA,DALL_B,NA,NA,NA,NA,NA,NA,NA
RONQLNOR,NA,NA,NA,NA,NA,NA,NA,NA,NA,NA,NA,NA,NA,NA,NA,NA,NA,NA,NA,NA,NA,NA,NA,NA,NA,NA,NA,NA,NA,NA,NA,NA,NA,NA,NA,NA,NA,NA,NA,NA,NA,NA,NICH_B,NA,NA,NA,NA,NA,NA,NA,NA,NA,NA,NA
SALCHIN,NA,NA,NA,NA,NA,NA,NA,NA,NA,NA,NA,NA,NA,NOSK_A,NA,NA,NA,NA,NA,NA,NA,NA,NA,NA,NA,NA,NA,NA,NA,NA,NA,NA,NA,NA,NA,NA,NA,NA,NA,NA,NA,NA,NA,NA,NA,NA,NA,NA,NA,NA,NA,NA,NA,NA
SALCHUM,BAKE_A,FARA_A,SHKN_A,CALD_A,DUNB_A,NA,GUKT_A,NA,NA,NA,0TZ_A,NA,NFEI_A,NOSK_A,NPAS_A,REFU_A,NA,SYLB_A,NA,NA,NA,NA,KAGK_B,NA,NA,NA,NOSK_E,NA,REEF_B,SFEI_A,NA,NA,CHUS_B,CHUS_A,NA,NA,0UK_A,NOSK_B,SALA_A,SHIN_A,SODA_A,BAKE_B,NA,NA,NA,SWAD_A,NA,NA,HECA_A,KLWA_A,NA,NA,NA,KLWH_A
SALCOHO,NA,FARA_A,NA,CALD_A,DUNB_A,NA,GUKT_A,HUNT_A,KAGK_A,NA,NA,NA,NFEI_A,NOSK_A,NPAS_A,REFU_A,NA,NA,SYLB_B,NA,NA,GUKT_B,KAGK_B,KAHS_A,NA,NA,NA,REEF_A,REEF_B,SFEI_A,NA,NA,CHUS_B,NA,NA,NA,NA,NA,NA,SHIN_A,SODA_A,NA,NA,NA,NICH_A,SWAD_A,DALL_B,HECA_B,NA,NA,NA,NA,NA,KLWH_A
SALPINK,NA,FARA_A,SHKN_A,NA,NA,NA,GUKT_A,NA,NA,NA,NA,NA,NFEI_A,NOSK_A,NPAS_A,REFU_A,NA,SYLB_A,SYLB_B,NA,DALL_A,NA,KAGK_B,NA,NA,NA,NA,REEF_A,REEF_B,SFEI_A,NA,NA,CHUS_B,NA,NA,NA,NA,NA,SALA_A,SHIN_A,SODA_A,BAKE_B,NA,NA,NA,SWAD_A,DALL_B,NA,HECA_A,KLWA_A,NFEI_B,SWAD_B,NA,KLWH_A
SALSOCK,NA,NA,NA,NA,NA,NA,NA,HUNT_A,NA,NA,NA,NA,NA,NA,NA,NA,NA,NA,NA,NA,NA,NA,NA,NA,NA,NA,NA,NA,NA,NA,NA,NA,CHUS_B,NA,NA,NA,NA,NA,NA,NA,NA,NA,NA,NA,NA,NA,NA,NA,NA,KLWA_A,NA,NA,NA,NA
SANDLNCP,NA,NA,SHKN_A,NA,NA,GARC_A,GUKT_A,NA,KAGK_A,KAHS_B,NA,NA,NFEI_A,NOSK_A,NA,NA,SUKK_A,NA,NA,NA,NA,NA,KAGK_B,NA,NA,NA,NA,REEF_A,REEF_B,NA,NA,NA,NA,NA,NA,NA,NA,NA,SALA_A,NA,NA,NA,NA,NA,NA,NA,DALL_B,NA,HECA_A,NA,NFEI_B,NA,BOST_A,NA
SCULBUF,NA,FARA_A,NA,CALD_A,NA,GARC_A,GUKT_A,NA,NA,KAHS_B,0TZ_A,0TZ_C,NFEI_A,NOSK_A,NPAS_A,REFU_A,SUKK_A,NA,SYLB_B,NA,NA,GUKT_B,NA,KAHS_A,MOIR_A,NA,NA,NA,NA,SFEI_A,NA,BOST_B,NA,CHUS_A,GOAT_A,HETA_A,NA,NOSK_B,SALA_A,SHIN_A,SODA_A,NA,NA,TROC_A,NICH_A,SWAD_A,NA,HECA_B,NA,KLWA_A,NFEI_B,NA,NA,NA
SCULGRT,BAKE_A,FARA_A,NA,CALD_A,DUNB_A,GARC_A,GUKT_A,HUNT_A,KAGK_A,NA,0TZ_A,0TZ_C,NFEI_A,NOSK_A,NPAS_A,REFU_A,SUKK_A,SYLB_A,SYLB_B,BLAQ_A,DALL_A,GUKT_B,KAGK_B,KAHS_A,MOIR_A,NA,NA,REEF_A,NA,SFEI_A,NA,BOST_B,CHUS_B,NA,GOAT_A,NA,0UK_A,NOSK_B,SALA_A,SHIN_A,NA,NA,NA,NA,NICH_A,SWAD_A,NA,NA,NA,KLWA_A,NFEI_B,SWAD_B,BOST_A,NA
SCULGRU,NA,NA,NA,NA,NA,NA,GUKT_A,NA,KAGK_A,NA,NA,NA,NA,NA,NA,NA,NA,NA,NA,NA,NA,NA,NA,NA,NA,NA,NA,NA,NA,NA,NA,NA,NA,NA,NA,NA,NA,NA,NA,NA,NA,NA,NA,NA,NA,NA,NA,NA,NA,NA,NA,NA,NA,NA
SCULMAN,NA,NA,NA,NA,NA,NA,NA,NA,NA,NA,NA,NA,NFEI_A,NA,NA,NA,NA,NA,NA,BLAQ_A,NA,NA,NA,NA,NA,NA,NA,NA,NA,NA,NA,NA,NA,NA,NA,NA,NA,NA,NA,NA,NA,NA,NA,NA,NA,NA,NA,NA,NA,NA,NA,NA,NA,NA
SCULPAD,BAKE_A,FARA_A,NA,CALD_A,NA,NA,GUKT_A,NA,NA,NA,NA,0TZ_C,NA,NA,NA,REFU_A,NA,NA,NA,NA,NA,NA,NA,NA,NA,NA,NA,NA,NA,NA,NA,NA,NA,NA,NA,NA,0UK_A,NA,NA,SHIN_A,NA,NA,NA,NA,NA,NA,NA,NA,NA,NA,NA,NA,NA,NA
SCULPSTG,BAKE_A,FARA_A,NA,CALD_A,DUNB_A,GARC_A,GUKT_A,HUNT_A,KAGK_A,KAHS_B,0TZ_A,0TZ_C,NFEI_A,NOSK_A,NPAS_A,REFU_A,SUKK_A,SYLB_A,NA,BLAQ_A,DALL_A,GUKT_B,KAGK_B,KAHS_A,MOIR_A,MOIR_B,NOSK_E,REEF_A,NA,SFEI_A,NA,BOST_B,CHUS_B,CHUS_A,GOAT_A,HETA_A,0UK_A,NOSK_B,SALA_A,SHIN_A,SODA_A,NA,NICH_B,TROC_A,NICH_A,SWAD_A,NA,HECA_B,HECA_A,KLWA_A,NFEI_B,SWAD_B,NA,NA
SCULRBCK,NA,NA,NA,NA,NA,NA,NA,NA,NA,NA,NA,NA,NA,NA,NA,NA,NA,NA,NA,NA,NA,NA,NA,NA,NA,NA,NA,NA,NA,NA,NA,NA,NA,NA,GOAT_A,NA,NA,NA,SALA_A,NA,NA,NA,NA,NA,NA,NA,NA,NA,HECA_A,NA,NA,NA,NA,NA
SCULSAIL,NA,FARA_A,NA,NA,DUNB_A,GARC_A,GUKT_A,NA,KAGK_A,NA,NA,NA,NA,NA,NA,NA,NA,NA,SYLB_B,BLAQ_A,NA,NA,KAGK_B,NA,NA,NA,NA,NA,NA,NA,NA,NA,NA,NA,GOAT_A,NA,NA,NA,NA,NA,NA,NA,NA,NA,NA,NA,NA,NA,NA,NA,NA,NA,NA,NA
SCULSCA,NA,NA,NA,NA,NA,NA,NA,NA,NA,NA,NA,NA,NA,NA,NA,REFU_A,NA,NA,NA,NA,NA,NA,NA,NA,NA,NA,NA,NA,NA,NA,NA,NA,NA,NA,NA,NA,NA,NA,NA,SHIN_A,NA,NA,NA,NA,NA,NA,NA,NA,NA,NA,NA,NA,NA,NA
SCULSILV,BAKE_A,FARA_A,NA,NA,NA,GARC_A,GUKT_A,NA,KAGK_A,KAHS_B,NA,NA,NFEI_A,NOSK_A,NA,REFU_A,NA,NA,SYLB_B,NA,NA,GUKT_B,KAGK_B,KAHS_A,NA,NA,NOSK_E,REEF_A,REEF_B,SFEI_A,NA,NA,NA,NA,NA,NA,NA,NOSK_B,SALA_A,SHIN_A,NA,BAKE_B,NA,NA,NICH_A,NA,NA,HECA_B,NA,NA,NA,NA,NA,NA
SCULSMO,NA,NA,NA,NA,NA,NA,NA,NA,NA,NA,NA,NA,NA,NA,NA,NA,NA,NA,NA,NA,NA,NA,NA,NA,NA,NA,NA,NA,NA,NA,NA,NA,NA,NA,NA,HETA_A,NA,NA,NA,NA,NA,NA,NA,NA,NA,NA,NA,NA,NA,NA,NA,NA,NA,NA
SCULTIDE,NA,FARA_A,NA,NA,DUNB_A,GARC_A,NA,NA,NA,NA,NA,NA,NA,NA,NA,REFU_A,NA,NA,NA,NA,NA,NA,NA,NA,NA,NA,NA,NA,NA,NA,NA,NA,NA,NA,NA,NA,NA,NA,NA,NA,NA,NA,NA,NA,NA,NA,NA,NA,NA,NA,NA,NA,NA,NA
SDABPAC,NA,FARA_A,NA,NA,DUNB_A,GARC_A,NA,HUNT_A,KAGK_A,NA,0TZ_A,NA,NFEI_A,NA,NA,REFU_A,SUKK_A,NA,NA,BLAQ_A,NA,NA,NA,NA,NA,NA,NA,REEF_A,NA,SFEI_A,TAHB_A,NA,NA,NA,NA,HETA_A,NA,NA,NA,SHIN_A,SODA_A,NA,NA,NA,NA,NA,NA,NA,NA,NA,NA,NA,NA,NA
SDABSPKL,NA,FARA_A,SHKN_A,NA,DUNB_A,NA,NA,NA,NA,KAHS_B,0TZ_A,0TZ_C,NFEI_A,NA,NA,REFU_A,NA,NA,NA,NA,DALL_A,NA,KAGK_B,NA,NA,NA,NOSK_E,NA,NA,SFEI_A,NA,NA,CHUS_B,NA,GOAT_A,NA,NA,NA,SALA_A,SHIN_A,NA,NA,NA,NA,NA,NA,NA,NA,HECA_A,NA,NA,NA,NA,NA
SLENEEL,NA,NA,NA,NA,NA,NA,NA,NA,NA,NA,NA,NA,NA,NA,NA,NA,NA,NA,NA,NA,NA,NA,NA,NA,NA,NA,NA,NA,NA,NA,NA,NA,NA,NA,GOAT_A,NA,NA,NA,NA,NA,NA,NA,NA,NA,NA,NA,NA,NA,NA,NA,NA,NA,NA,NA
SOLEBUT,NA,NA,NA,NA,DUNB_A,NA,NA,NA,KAGK_A,NA,NA,NA,NA,NA,NPAS_A,NA,NA,NA,NA,NA,NA,GUKT_B,NA,NA,NA,NA,NA,NA,NA,SFEI_A,NA,NA,CHUS_B,NA,NA,NA,0UK_A,NA,SALA_A,SHIN_A,NA,NA,NA,NA,NA,NA,NA,NA,HECA_A,NA,NFEI_B,NA,NA,NA
SOLECO,NA,NA,NA,NA,NA,NA,NA,NA,NA,NA,NA,NA,NFEI_A,NA,NA,NA,NA,NA,NA,NA,NA,NA,NA,KAHS_A,NA,NA,NA,NA,NA,NA,NA,NA,NA,NA,GOAT_A,HETA_A,NA,NA,NA,NA,NA,NA,NA,NA,NA,NA,NA,HECA_B,NA,NA,NA,NA,NA,NA
SOLEENG,NA,FARA_A,NA,CALD_A,DUNB_A,GARC_A,GUKT_A,NA,KAGK_A,NA,0TZ_A,0TZ_C,NFEI_A,NOSK_A,NPAS_A,REFU_A,SUKK_A,NA,NA,NA,DALL_A,NA,KAGK_B,NA,NA,NA,NOSK_E,REEF_A,REEF_B,NA,TAHB_A,BOST_B,NA,CHUS_A,NA,HETA_A,0UK_A,NOSK_B,SALA_A,SHIN_A,SODA_A,NA,NA,NA,NA,NA,NA,NA,HECA_A,KLWA_A,NA,NA,NA,NA
SOLEROC,NA,NA,SHKN_A,CALD_A,DUNB_A,NA,GUKT_A,NA,KAGK_A,KAHS_B,0TZ_A,0TZ_C,NFEI_A,NOSK_A,NPAS_A,REFU_A,NA,NA,NA,NA,DALL_A,GUKT_B,KAGK_B,KAHS_A,NA,NA,NA,REEF_A,NA,SFEI_A,NA,NA,NA,CHUS_A,GOAT_A,NA,0UK_A,NA,SALA_A,SHIN_A,SODA_A,NA,NA,NA,NA,SWAD_A,NA,NA,NA,NA,NA,NA,NA,NA
SOLEYEL,NA,NA,NA,NA,NA,NA,NA,NA,NA,NA,NA,NA,NA,NA,NA,NA,NA,NA,NA,NA,NA,NA,NA,KAHS_A,NA,NA,NA,REEF_A,NA,NA,NA,NA,NA,NA,NA,NA,NA,NA,NA,SHIN_A,NA,NA,NA,NA,NA,NA,NA,NA,NA,NA,NA,NA,NA,NA
STICK3,NA,FARA_A,NA,CALD_A,DUNB_A,GARC_A,GUKT_A,HUNT_A,KAGK_A,NA,0TZ_A,0TZ_C,NFEI_A,NOSK_A,NPAS_A,REFU_A,SUKK_A,NA,NA,BLAQ_A,DALL_A,GUKT_B,NA,KAHS_A,MOIR_A,MOIR_B,NOSK_E,NA,NA,SFEI_A,TAHB_A,NA,CHUS_B,CHUS_A,GOAT_A,HETA_A,0UK_A,NOSK_B,SALA_A,SHIN_A,SODA_A,NA,NA,TROC_A,NICH_A,SWAD_A,DALL_B,NA,HECA_A,KLWA_A,NA,SWAD_B,NA,KLWH_A
TUBESNT,BAKE_A,FARA_A,NA,NA,DUNB_A,NA,GUKT_A,NA,KAGK_A,NA,0TZ_A,0TZ_C,NFEI_A,NOSK_A,NPAS_A,REFU_A,SUKK_A,NA,NA,BLAQ_A,DALL_A,GUKT_B,KAGK_B,KAHS_A,MOIR_A,NA,NOSK_E,REEF_A,REEF_B,SFEI_A,NA,BOST_B,CHUS_B,CHUS_A,GOAT_A,NA,0UK_A,NOSK_B,SALA_A,SHIN_A,NA,NA,NA,NA,NA,NA,NA,HECA_B,NA,NA,NFEI_B,NA,NA,NA
U0RTE,BAKE_A,FARA_A,SHKN_A,CALD_A,DUNB_A,GARC_A,GUKT_A,HUNT_A,KAGK_A,KAHS_B,0TZ_A,0TZ_C,NFEI_A,NOSK_A,NPAS_A,REFU_A,SUKK_A,SYLB_A,SYLB_B,BLAQ_A,DALL_A,GUKT_B,KAGK_B,KAHS_A,NA,MOIR_B,NOSK_E,REEF_A,REEF_B,SFEI_A,TAHB_A,BOST_B,CHUS_B,CHUS_A,GOAT_A,HETA_A,0UK_A,NOSK_B,SALA_A,SHIN_A,SODA_A,BAKE_B,NICH_B,NA,NICH_A,NA,DALL_B,HECA_B,HECA_A,NA,NFEI_B,NA,BOST_A,NA
UNFLAT,NA,NA,NA,NA,NA,NA,GUKT_A,NA,NA,NA,NA,NA,NFEI_A,NOSK_A,NA,NA,NA,NA,NA,NA,NA,NA,NA,NA,NA,NA,NA,REEF_A,REEF_B,SFEI_A,NA,NA,NA,NA,GOAT_A,NA,NA,NA,SALA_A,NA,SODA_A,NA,NA,NA,NA,NA,NA,NA,NA,NA,NA,NA,NA,NA
UNGREEN,BAKE_A,NA,NA,NA,NA,NA,NA,NA,NA,NA,NA,NA,NFEI_A,NOSK_A,NA,NA,NA,NA,NA,NA,NA,NA,NA,NA,NA,NA,NA,NA,NA,SFEI_A,NA,NA,NA,NA,NA,NA,NA,NA,NA,NA,SODA_A,NA,NA,NA,NA,SWAD_A,NA,NA,NA,NA,NA,NA,NA,NA
UNGUNN,NA,NA,NA,NA,NA,NA,GUKT_A,NA,KAGK_A,NA,NA,NA,NA,NOSK_A,NPAS_A,NA,NA,NA,NA,NA,NA,NA,NA,NA,NA,NA,NA,NA,NA,SFEI_A,NA,NA,NA,NA,NA,NA,NA,NA,NA,NA,NA,NA,NA,NA,NA,NA,NA,NA,NA,NA,NA,NA,NA,NA
UNLORD,BAKE_A,NA,NA,NA,NA,GARC_A,GUKT_A,NA,KAGK_A,NA,0TZ_A,NA,NFEI_A,NOSK_A,NPAS_A,NA,NA,NA,NA,BLAQ_A,NA,NA,KAGK_B,KAHS_A,NA,NA,NA,NA,REEF_B,SFEI_A,NA,NA,CHUS_B,NA,GOAT_A,HETA_A,0UK_A,NA,SALA_A,SHIN_A,NA,NA,NA,TROC_A,NA,SWAD_A,NA,HECA_B,NA,KLWA_A,NFEI_B,NA,NA,NA
UNMYOXO,NA,FARA_A,NA,NA,DUNB_A,GARC_A,GUKT_A,NA,KAGK_A,NA,0TZ_A,NA,NFEI_A,NOSK_A,NPAS_A,REFU_A,NA,NA,NA,NA,NA,NA,NA,NA,NA,NA,NA,NA,NA,NA,NA,NA,NA,CHUS_A,GOAT_A,NA,0UK_A,NA,NA,SHIN_A,SODA_A,NA,NA,NA,NA,SWAD_A,NA,NA,NA,NA,NA,NA,NA,NA
UNROCK,BAKE_A,NA,NA,NA,NA,NA,NA,NA,NA,NA,NA,NA,NA,NA,NA,REFU_A,NA,NA,NA,NA,NA,NA,NA,NA,NA,NA,NA,NA,NA,NA,NA,NA,NA,NA,NA,NA,NA,NA,NA,NA,NA,BAKE_B,NA,NA,NA,NA,NA,NA,HECA_A,NA,NA,NA,NA,NA
UNSCUL,NA,FARA_A,NA,NA,NA,NA,NA,NA,NA,NA,NA,NA,NFEI_A,NOSK_A,NA,REFU_A,NA,SYLB_A,NA,NA,NA,NA,NA,KAHS_A,NA,NA,NOSK_E,NA,NA,SFEI_A,NA,NA,CHUS_B,NA,NA,NA,NA,NA,SALA_A,NA,NA,NA,NA,NA,NA,NA,NA,NA,HECA_A,NA,NFEI_B,NA,NA,NA
UNS0ILF,NA,NA,NA,NA,NA,NA,NA,NA,NA,NA,NA,NA,NA,NA,NA,NA,NA,NA,NA,NA,NA,NA,NA,NA,NA,NA,NOSK_E,NA,NA,NA,NA,NA,NA,NA,GOAT_A,NA,NA,NA,NA,NA,NA,NA,NA,NA,NA,NA,NA,NA,NA,NA,NA,NA,NA,NA
WRYGI,NA,NA,NA,NA,NA,NA,GUKT_A,NA,NA,NA,NA,NA,NA,NA,NA,NA,NA,NA,NA,NA,NA,NA,NA,NA,NA,NA,NA,NA,NA,NA,NA,NA,NA,NA,NA,NA,NA,NA,NA,NA,NA,NA,NA,NA,NA,NA,NA,NA,NA,NA,NA,NA,NA,NA